,ph,tds,turbidity,temperature
count,15120.0,15120.0,15120.0,15120.0
mean,7.201050925925926,319.5130952380952,1.4994675925925927,24.996038359788358
std,0.12049762354248324,6.781010430851352,0.08279543430699642,2.027099503274019
min,6.6,260.0,0.5,21.0
25%,7.1,315.0,1.45,23.0
50%,7.2,320.0,1.5,24.95
75%,7.3,325.0,1.55,27.0
max,7.8,378.0,2.5,29.0
