,ph,tds,turbidity,temperature
ph,1.0,0.010786869239996688,0.00357998324499756,-0.00014804741841150106
tds,0.010786869239996688,1.0,0.005881055152406294,-0.0005658658587801937
turbidity,0.00357998324499756,0.005881055152406294,1.0,-0.0004653200017891238
temperature,-0.00014804741841150106,-0.0005658658587801937,-0.0004653200017891238,1.0
