,ph,tds,turbidity,temperature
ph,1.0,0.0001470750644759527,-0.016726928724944926,0.003897925718058085
tds,0.0001470750644759527,1.0,-0.00039932127352098283,0.007674022165537643
turbidity,-0.016726928724944926,-0.00039932127352098283,1.0,-0.0037130736373097
temperature,0.003897925718058085,0.007674022165537643,-0.0037130736373097,1.0
