session,ph,tds,turbidity,temperature
Afternoon,7.200468253968254,319.4664021164021,1.4997738095238096,22.992989417989417
Evening,7.201633597883598,319.55978835978834,1.4991613756613758,26.999087301587302
